,Missing 1,Missing 2,alpha,y_true,y_pred,y_pred_semi
0,1,2,0.01,1,2,1
1,1,2,0.01,1,2,1
2,1,2,0.01,4,7,7
3,1,2,0.01,1,2,1
4,1,2,0.01,1,2,1
5,1,2,0.01,1,2,1
6,1,2,0.01,1,2,1
7,1,2,0.01,1,2,1
8,1,2,0.01,2,2,2
9,1,2,0.01,1,2,1
10,1,2,0.01,1,2,1
11,1,2,0.01,2,2,2
12,1,2,0.01,2,2,2
13,1,2,0.01,1,2,1
14,1,2,0.01,1,2,1
15,1,2,0.01,2,2,2
16,1,2,0.01,1,2,1
17,1,2,0.01,2,2,2
18,1,2,0.01,1,2,1
19,1,2,0.01,1,2,1
20,1,2,0.01,1,2,1
21,1,2,0.01,1,2,1
22,1,2,0.01,2,2,2
23,1,2,0.01,2,4,4
24,1,2,0.01,1,2,1
25,1,2,0.01,1,2,1
26,1,2,0.01,2,2,2
27,1,2,0.01,1,2,1
28,1,2,0.01,2,2,2
29,1,2,0.01,1,2,1
30,1,2,0.01,1,2,1
31,1,2,0.01,2,2,2
32,1,2,0.01,1,2,1
33,1,2,0.01,2,2,2
34,1,2,0.01,1,2,1
35,1,2,0.01,2,2,2
36,1,2,0.01,2,2,2
37,1,2,0.01,1,2,1
38,1,2,0.01,1,2,1
39,1,2,0.01,1,2,1
40,1,2,0.01,1,2,1
41,1,2,0.01,1,2,1
42,1,2,0.01,1,2,1
43,1,2,0.01,1,2,1
44,1,2,0.01,1,2,1
45,1,2,0.01,2,2,2
46,1,2,0.01,1,2,1
47,1,2,0.01,1,2,1
48,1,2,0.01,2,2,2
49,1,2,0.01,1,2,1
50,1,2,0.01,1,2,1
51,1,2,0.01,1,2,1
52,1,2,0.01,2,2,2
53,1,2,0.01,1,2,1
54,1,2,0.01,1,2,1
55,1,2,0.01,1,2,1
56,1,2,0.01,2,2,2
57,1,2,0.01,2,2,2
58,1,2,0.01,1,2,1
59,1,2,0.01,2,2,2
60,1,2,0.01,1,2,1
61,1,2,0.01,1,2,1
62,1,2,0.01,1,2,1
63,1,2,0.01,1,2,1
64,1,2,0.01,1,2,1
65,1,2,0.01,1,2,1
66,1,2,0.01,1,2,1
67,1,2,0.01,2,2,2
68,1,2,0.01,1,2,1
69,1,2,0.01,1,2,1
70,1,2,0.01,1,2,1
71,1,2,0.01,2,2,2
72,1,2,0.01,5,5,5
73,1,2,0.01,2,2,2
74,1,2,0.01,1,2,1
75,1,2,0.01,1,2,1
76,1,2,0.01,1,2,1
77,1,2,0.01,4,2,2
78,1,2,0.01,1,2,1
79,1,2,0.01,2,6,6
80,1,2,0.01,1,2,1
81,1,2,0.01,2,2,2
82,1,2,0.01,2,2,2
83,1,2,0.01,2,2,2
84,1,2,0.01,1,2,1
85,1,2,0.01,1,2,1
86,1,2,0.01,1,2,1
87,1,2,0.01,1,2,1
88,1,2,0.01,1,2,1
89,1,2,0.01,1,2,1
90,1,2,0.01,1,2,1
91,1,2,0.01,1,2,1
92,1,2,0.01,1,2,1
93,1,2,0.01,1,2,1
94,1,2,0.01,2,2,2
95,1,2,0.01,1,6,1
96,1,2,0.01,1,2,1
97,1,2,0.01,1,2,1
98,1,2,0.01,1,2,1
99,1,2,0.01,1,2,1
100,1,2,0.01,1,2,1
101,1,2,0.01,1,2,1
102,1,2,0.01,2,7,7
103,1,2,0.01,2,2,2
104,1,2,0.01,1,2,1
105,1,2,0.01,2,2,2
106,1,2,0.01,2,2,2
107,1,2,0.01,2,2,2
108,1,2,0.01,2,2,2
109,1,2,0.01,2,4,4
110,1,2,0.01,1,2,1
111,1,2,0.01,2,2,2
112,1,2,0.01,2,2,2
113,1,2,0.01,1,2,1
114,1,2,0.01,1,2,1
115,1,2,0.01,1,2,1
116,1,2,0.01,4,2,2
117,1,2,0.01,1,2,1
118,1,2,0.01,1,2,1
119,1,2,0.01,1,2,1
120,1,2,0.01,1,2,1
121,1,2,0.01,2,2,2
122,1,2,0.01,1,2,1
123,1,2,0.01,1,2,1
124,1,2,0.01,1,2,1
125,1,2,0.01,1,2,1
126,1,2,0.01,1,2,1
127,1,2,0.01,1,2,1
128,1,2,0.01,2,2,2
129,1,2,0.01,1,2,1
130,1,2,0.01,1,2,1
131,1,2,0.01,1,2,1
132,1,2,0.01,1,2,1
133,1,2,0.01,1,2,1
134,1,2,0.01,1,2,1
135,1,2,0.01,1,2,1
136,1,2,0.01,1,2,1
137,1,2,0.01,1,2,1
138,1,2,0.01,1,2,1
139,1,2,0.01,2,2,2
140,1,2,0.01,1,2,1
141,1,2,0.01,1,2,1
142,1,2,0.01,1,2,1
143,1,2,0.01,2,2,2
144,1,2,0.01,2,6,6
145,1,2,0.01,1,2,1
146,1,2,0.01,1,2,1
147,1,2,0.01,1,2,2
148,1,2,0.01,1,2,1
149,1,2,0.01,1,2,1
150,1,2,0.01,2,2,2
151,1,2,0.01,4,4,4
152,1,2,0.01,1,2,1
153,1,2,0.01,1,2,1
154,1,2,0.01,1,2,1
155,1,2,0.01,1,2,1
156,1,2,0.01,1,2,1
157,1,2,0.01,1,2,1
158,1,2,0.01,2,2,2
159,1,2,0.01,1,2,1
160,1,2,0.01,1,2,1
161,1,2,0.01,1,2,1
162,1,2,0.01,1,2,1
163,1,2,0.01,2,2,2
164,1,2,0.01,2,2,2
165,1,2,0.01,2,2,2
166,1,2,0.01,2,2,2
167,1,2,0.01,1,2,1
168,1,2,0.01,1,2,1
169,1,2,0.01,1,2,1
170,1,2,0.01,2,2,2
171,1,2,0.01,1,2,1
172,1,2,0.01,1,2,1
173,1,2,0.01,1,2,1
174,1,2,0.01,1,2,1
175,1,2,0.01,4,7,7
176,1,2,0.01,4,4,4
177,1,2,0.01,1,2,1
178,1,2,0.01,1,2,1
179,1,2,0.01,1,2,1
180,1,2,0.01,1,2,1
181,1,2,0.01,4,4,4
182,1,2,0.01,2,2,2
183,1,2,0.01,1,2,1
184,1,2,0.01,2,2,2
185,1,2,0.01,2,2,2
186,1,2,0.01,1,2,1
187,1,2,0.01,2,2,2
188,1,2,0.01,1,2,1
189,1,2,0.01,1,2,1
190,1,2,0.01,1,2,1
191,1,2,0.01,4,7,7
192,1,2,0.01,1,2,1
193,1,2,0.01,2,2,2
194,1,2,0.01,1,2,1
195,1,2,0.01,1,2,1
196,1,2,0.01,1,2,1
197,1,2,0.01,1,2,1
198,1,2,0.01,1,2,1
199,1,2,0.01,1,2,1
200,1,2,0.01,1,2,1
201,1,2,0.01,1,2,1
202,1,2,0.01,2,4,4
203,1,2,0.01,1,2,1
204,1,2,0.01,1,2,1
205,1,2,0.01,4,4,4
206,1,2,0.01,1,2,1
207,1,2,0.01,1,2,1
208,1,2,0.01,5,5,5
209,1,2,0.01,1,2,1
210,1,2,0.01,2,2,2
211,1,2,0.01,1,2,1
212,1,2,0.01,1,2,1
213,1,2,0.01,2,2,2
214,1,2,0.01,1,2,1
215,1,2,0.01,4,7,7
216,1,2,0.01,1,2,1
217,1,2,0.01,1,2,1
218,1,2,0.01,1,2,1
219,1,2,0.01,1,2,1
220,1,2,0.01,1,2,1
221,1,2,0.01,2,2,2
222,1,2,0.01,1,2,1
223,1,2,0.01,1,2,1
224,1,2,0.01,4,4,4
225,1,2,0.01,2,6,6
226,1,2,0.01,2,2,2
227,1,2,0.01,1,2,1
228,1,2,0.01,5,5,5
229,1,2,0.01,1,2,1
230,1,2,0.01,5,0,0
231,1,2,0.01,1,2,1
232,1,2,0.01,1,2,1
233,1,2,0.01,1,2,1
234,1,2,0.01,1,2,1
235,1,2,0.01,1,2,1
236,1,2,0.01,1,2,1
237,1,2,0.01,2,2,2
238,1,2,0.01,1,2,1
239,1,2,0.01,1,2,1
240,1,2,0.01,1,2,1
241,1,2,0.01,1,2,1
242,1,2,0.01,1,2,1
243,1,2,0.01,2,2,2
244,1,2,0.01,1,2,1
245,1,2,0.01,1,2,1
246,1,2,0.01,4,4,4
247,1,2,0.01,2,2,2
248,1,2,0.01,1,2,1
249,1,2,0.01,4,4,4
250,1,2,0.01,1,2,1
251,1,2,0.01,1,2,1
252,1,2,0.01,2,2,2
253,1,2,0.01,1,2,1
254,1,2,0.01,5,5,5
255,1,2,0.01,1,2,1
256,1,2,0.01,1,2,1
257,1,2,0.01,2,2,2
258,1,2,0.01,1,2,1
259,1,2,0.01,1,2,1
260,1,2,0.01,2,2,2
261,1,2,0.01,1,2,1
262,1,2,0.01,1,2,1
263,1,2,0.01,2,2,2
264,1,2,0.01,5,5,5
265,1,2,0.01,4,4,4
266,1,2,0.01,1,2,1
267,1,2,0.01,2,2,2
268,1,2,0.01,1,2,1
269,1,2,0.01,2,2,2
270,1,2,0.01,1,2,1
271,1,2,0.01,1,2,1
272,1,2,0.01,1,2,1
273,1,2,0.01,2,6,6
274,1,2,0.01,1,2,1
275,1,2,0.01,4,7,7
276,1,2,0.01,1,2,1
277,1,2,0.01,4,4,4
278,1,2,0.01,1,4,4
279,1,2,0.01,1,2,1
280,1,2,0.01,1,2,1
281,1,2,0.01,1,2,1
282,1,2,0.01,1,2,1
283,1,2,0.01,4,7,7
284,1,2,0.01,1,2,1
285,1,2,0.01,4,4,4
286,1,2,0.01,2,2,2
287,1,2,0.01,1,2,1
288,1,2,0.01,1,2,1
289,1,2,0.01,1,2,1
290,1,2,0.01,1,2,1
291,1,2,0.01,1,2,1
292,1,2,0.01,1,2,1
293,1,2,0.01,2,2,2
294,1,2,0.01,4,7,7
295,1,2,0.01,4,4,4
296,1,2,0.01,1,2,1
297,1,2,0.01,1,2,1
298,1,2,0.01,1,2,1
299,1,2,0.01,1,2,1
300,1,2,0.01,1,2,1
301,1,2,0.01,1,2,1
302,1,2,0.01,1,2,1
303,1,2,0.01,1,2,1
304,1,2,0.01,1,2,1
305,1,2,0.01,1,2,1
306,1,2,0.01,1,2,1
307,1,2,0.01,1,2,1
308,1,2,0.01,1,2,1
309,1,2,0.01,4,4,4
310,1,2,0.01,1,2,1
311,1,2,0.01,4,7,7
312,1,2,0.01,2,4,4
313,1,2,0.01,2,2,2
314,1,2,0.01,1,2,1
315,1,2,0.01,1,2,1
316,1,4,0.01,1,6,1
317,1,4,0.01,1,4,1
318,1,4,0.01,4,7,7
319,1,4,0.01,1,4,1
320,1,4,0.01,1,4,1
321,1,4,0.01,1,4,1
322,1,4,0.01,1,4,1
323,1,4,0.01,1,4,1
324,1,4,0.01,2,2,2
325,1,4,0.01,1,4,1
326,1,4,0.01,1,4,1
327,1,4,0.01,2,2,2
328,1,4,0.01,2,2,2
329,1,4,0.01,1,4,1
330,1,4,0.01,1,4,1
331,1,4,0.01,2,2,2
332,1,4,0.01,1,4,1
333,1,4,0.01,2,2,2
334,1,4,0.01,1,4,1
335,1,4,0.01,1,4,1
336,1,4,0.01,1,4,1
337,1,4,0.01,1,4,1
338,1,4,0.01,2,2,2
339,1,4,0.01,2,4,4
340,1,4,0.01,1,4,1
341,1,4,0.01,1,4,1
342,1,4,0.01,2,2,2
343,1,4,0.01,1,4,1
344,1,4,0.01,2,2,2
345,1,4,0.01,1,4,1
346,1,4,0.01,1,4,1
347,1,4,0.01,2,2,2
348,1,4,0.01,1,4,1
349,1,4,0.01,2,2,2
350,1,4,0.01,1,4,1
351,1,4,0.01,2,2,2
352,1,4,0.01,2,2,2
353,1,4,0.01,1,4,1
354,1,4,0.01,1,4,1
355,1,4,0.01,1,4,1
356,1,4,0.01,1,6,1
357,1,4,0.01,1,4,1
358,1,4,0.01,1,4,1
359,1,4,0.01,1,4,1
360,1,4,0.01,1,4,1
361,1,4,0.01,2,2,2
362,1,4,0.01,1,4,1
363,1,4,0.01,1,4,1
364,1,4,0.01,2,2,2
365,1,4,0.01,1,4,1
366,1,4,0.01,1,4,1
367,1,4,0.01,1,4,1
368,1,4,0.01,2,2,2
369,1,4,0.01,1,4,1
370,1,4,0.01,1,4,1
371,1,4,0.01,1,4,1
372,1,4,0.01,2,2,2
373,1,4,0.01,2,2,2
374,1,4,0.01,1,4,1
375,1,4,0.01,2,2,2
376,1,4,0.01,1,6,1
377,1,4,0.01,1,4,1
378,1,4,0.01,1,4,1
379,1,4,0.01,1,4,1
380,1,4,0.01,1,4,1
381,1,4,0.01,1,6,1
382,1,4,0.01,1,6,1
383,1,4,0.01,2,2,2
384,1,4,0.01,1,6,1
385,1,4,0.01,1,4,1
386,1,4,0.01,1,4,1
387,1,4,0.01,2,2,2
388,1,4,0.01,5,5,5
389,1,4,0.01,2,2,2
390,1,4,0.01,1,4,1
391,1,4,0.01,1,4,1
392,1,4,0.01,1,4,1
393,1,4,0.01,4,2,2
394,1,4,0.01,1,4,1
395,1,4,0.01,2,6,6
396,1,4,0.01,1,4,1
397,1,4,0.01,2,2,2
398,1,4,0.01,2,2,2
399,1,4,0.01,2,2,2
400,1,4,0.01,1,4,1
401,1,4,0.01,1,4,1
402,1,4,0.01,1,4,1
403,1,4,0.01,1,4,1
404,1,4,0.01,1,4,1
405,1,4,0.01,1,4,1
406,1,4,0.01,1,4,1
407,1,4,0.01,1,4,1
408,1,4,0.01,1,4,1
409,1,4,0.01,1,4,1
410,1,4,0.01,2,2,2
411,1,4,0.01,1,6,1
412,1,4,0.01,1,4,1
413,1,4,0.01,1,4,1
414,1,4,0.01,1,4,1
415,1,4,0.01,1,4,1
416,1,4,0.01,1,4,1
417,1,4,0.01,1,4,1
418,1,4,0.01,2,7,7
419,1,4,0.01,2,2,2
420,1,4,0.01,1,4,1
421,1,4,0.01,2,2,2
422,1,4,0.01,2,2,2
423,1,4,0.01,2,2,2
424,1,4,0.01,2,2,2
425,1,4,0.01,2,9,4
426,1,4,0.01,1,4,1
427,1,4,0.01,2,2,2
428,1,4,0.01,2,2,2
429,1,4,0.01,1,4,1
430,1,4,0.01,1,4,1
431,1,4,0.01,1,6,1
432,1,4,0.01,4,2,2
433,1,4,0.01,1,4,1
434,1,4,0.01,1,4,1
435,1,4,0.01,1,4,1
436,1,4,0.01,1,4,1
437,1,4,0.01,2,2,2
438,1,4,0.01,1,4,1
439,1,4,0.01,1,4,1
440,1,4,0.01,1,4,1
441,1,4,0.01,1,6,1
442,1,4,0.01,1,4,1
443,1,4,0.01,1,4,1
444,1,4,0.01,2,2,2
445,1,4,0.01,1,4,1
446,1,4,0.01,1,4,1
447,1,4,0.01,1,4,1
448,1,4,0.01,1,4,1
449,1,4,0.01,1,6,1
450,1,4,0.01,1,4,1
451,1,4,0.01,1,4,1
452,1,4,0.01,1,4,1
453,1,4,0.01,1,4,1
454,1,4,0.01,1,4,1
455,1,4,0.01,2,2,2
456,1,4,0.01,1,4,1
457,1,4,0.01,1,4,1
458,1,4,0.01,1,4,1
459,1,4,0.01,2,2,2
460,1,4,0.01,2,6,6
461,1,4,0.01,1,4,1
462,1,4,0.01,1,4,1
463,1,4,0.01,1,2,1
464,1,4,0.01,1,4,1
465,1,4,0.01,1,6,1
466,1,4,0.01,2,2,2
467,1,4,0.01,4,9,4
468,1,4,0.01,1,4,1
469,1,4,0.01,1,4,1
470,1,4,0.01,1,4,1
471,1,4,0.01,1,4,1
472,1,4,0.01,1,4,1
473,1,4,0.01,1,4,1
474,1,4,0.01,2,2,2
475,1,4,0.01,1,4,1
476,1,4,0.01,1,4,1
477,1,4,0.01,1,4,1
478,1,4,0.01,1,4,1
479,1,4,0.01,2,2,2
480,1,4,0.01,2,2,2
481,1,4,0.01,2,2,2
482,1,4,0.01,2,2,2
483,1,4,0.01,1,4,1
484,1,4,0.01,1,4,1
485,1,4,0.01,1,6,1
486,1,4,0.01,2,2,2
487,1,4,0.01,1,4,1
488,1,4,0.01,1,4,1
489,1,4,0.01,1,4,1
490,1,4,0.01,1,4,1
491,1,4,0.01,4,7,7
492,1,4,0.01,4,9,4
493,1,4,0.01,1,4,1
494,1,4,0.01,1,4,1
495,1,4,0.01,1,4,1
496,1,4,0.01,1,4,1
497,1,4,0.01,4,9,4
498,1,4,0.01,2,3,3
499,1,4,0.01,1,4,1
500,1,4,0.01,2,2,2
501,1,4,0.01,2,2,2
502,1,4,0.01,1,4,1
503,1,4,0.01,2,2,2
504,1,4,0.01,1,4,1
505,1,4,0.01,1,4,1
506,1,4,0.01,1,4,1
507,1,4,0.01,4,7,7
508,1,4,0.01,1,4,1
509,1,4,0.01,2,2,2
510,1,4,0.01,1,4,1
511,1,4,0.01,1,4,1
512,1,4,0.01,1,4,1
513,1,4,0.01,1,4,1
514,1,4,0.01,1,4,1
515,1,4,0.01,1,4,1
516,1,4,0.01,1,4,1
517,1,4,0.01,1,4,1
518,1,4,0.01,2,4,4
519,1,4,0.01,1,4,1
520,1,4,0.01,1,4,1
521,1,4,0.01,4,9,4
522,1,4,0.01,1,4,1
523,1,4,0.01,1,4,1
524,1,4,0.01,5,5,5
525,1,4,0.01,1,4,1
526,1,4,0.01,2,2,2
527,1,4,0.01,1,4,1
528,1,4,0.01,1,6,1
529,1,4,0.01,2,2,2
530,1,4,0.01,1,4,1
531,1,4,0.01,4,7,7
532,1,4,0.01,1,4,1
533,1,4,0.01,1,4,1
534,1,4,0.01,1,4,1
535,1,4,0.01,1,6,1
536,1,4,0.01,1,4,1
537,1,4,0.01,2,2,2
538,1,4,0.01,1,4,1
539,1,4,0.01,1,4,1
540,1,4,0.01,4,4,4
541,1,4,0.01,2,6,6
542,1,4,0.01,2,2,2
543,1,4,0.01,1,4,1
544,1,4,0.01,5,5,5
545,1,4,0.01,1,4,1
546,1,4,0.01,5,0,0
547,1,4,0.01,1,6,1
548,1,4,0.01,1,4,1
549,1,4,0.01,1,6,1
550,1,4,0.01,1,4,1
551,1,4,0.01,1,4,1
552,1,4,0.01,1,4,1
553,1,4,0.01,2,2,2
554,1,4,0.01,1,4,1
555,1,4,0.01,1,4,1
556,1,4,0.01,1,4,1
557,1,4,0.01,1,4,1
558,1,4,0.01,1,4,1
559,1,4,0.01,2,2,2
560,1,4,0.01,1,4,1
561,1,4,0.01,1,4,1
562,1,4,0.01,4,9,4
563,1,4,0.01,2,2,2
564,1,4,0.01,1,4,1
565,1,4,0.01,4,9,4
566,1,4,0.01,1,4,1
567,1,4,0.01,1,4,1
568,1,4,0.01,2,2,2
569,1,4,0.01,1,4,1
570,1,4,0.01,5,5,5
571,1,4,0.01,1,6,1
572,1,4,0.01,1,4,1
573,1,4,0.01,2,2,2
574,1,4,0.01,1,4,1
575,1,4,0.01,1,4,1
576,1,4,0.01,2,2,2
577,1,4,0.01,1,4,1
578,1,4,0.01,1,4,1
579,1,4,0.01,2,2,2
580,1,4,0.01,5,5,5
581,1,4,0.01,4,9,4
582,1,4,0.01,1,4,1
583,1,4,0.01,2,2,2
584,1,4,0.01,1,4,1
585,1,4,0.01,2,2,2
586,1,4,0.01,1,4,1
587,1,4,0.01,1,4,1
588,1,4,0.01,1,4,1
589,1,4,0.01,2,6,6
590,1,4,0.01,1,4,1
591,1,4,0.01,4,7,7
592,1,4,0.01,1,4,1
593,1,4,0.01,4,9,4
594,1,4,0.01,1,4,4
595,1,4,0.01,1,4,1
596,1,4,0.01,1,4,1
597,1,4,0.01,1,4,1
598,1,4,0.01,1,4,1
599,1,4,0.01,4,7,7
600,1,4,0.01,1,4,1
601,1,4,0.01,4,9,4
602,1,4,0.01,2,2,2
603,1,4,0.01,1,4,1
604,1,4,0.01,1,4,1
605,1,4,0.01,1,4,1
606,1,4,0.01,1,4,1
607,1,4,0.01,1,4,1
608,1,4,0.01,1,4,1
609,1,4,0.01,2,2,2
610,1,4,0.01,4,7,7
611,1,4,0.01,4,9,4
612,1,4,0.01,1,4,1
613,1,4,0.01,1,4,1
614,1,4,0.01,1,4,1
615,1,4,0.01,1,4,1
616,1,4,0.01,1,4,1
617,1,4,0.01,1,4,1
618,1,4,0.01,1,4,1
619,1,4,0.01,1,4,1
620,1,4,0.01,1,4,1
621,1,4,0.01,1,4,1
622,1,4,0.01,1,4,1
623,1,4,0.01,1,4,1
624,1,4,0.01,1,4,1
625,1,4,0.01,4,9,4
626,1,4,0.01,1,4,1
627,1,4,0.01,4,7,7
628,1,4,0.01,2,9,4
629,1,4,0.01,2,2,2
630,1,4,0.01,1,4,1
631,1,4,0.01,1,4,1
632,1,5,0.01,1,1,1
633,1,5,0.01,1,1,1
634,1,5,0.01,4,7,7
635,1,5,0.01,1,5,1
636,1,5,0.01,1,5,5
637,1,5,0.01,1,5,1
638,1,5,0.01,1,5,5
639,1,5,0.01,1,5,5
640,1,5,0.01,2,2,2
641,1,5,0.01,1,5,1
642,1,5,0.01,1,5,5
643,1,5,0.01,2,2,2
644,1,5,0.01,2,2,2
645,1,5,0.01,1,5,1
646,1,5,0.01,1,5,5
647,1,5,0.01,2,2,2
648,1,5,0.01,1,5,1
649,1,5,0.01,2,2,2
650,1,5,0.01,1,5,1
651,1,5,0.01,1,5,1
652,1,5,0.01,1,5,5
653,1,5,0.01,1,5,1
654,1,5,0.01,2,2,2
655,1,5,0.01,2,4,4
656,1,5,0.01,1,5,5
657,1,5,0.01,1,5,5
658,1,5,0.01,2,2,2
659,1,5,0.01,1,5,5
660,1,5,0.01,2,2,2
661,1,5,0.01,1,5,5
662,1,5,0.01,1,5,5
663,1,5,0.01,2,2,2
664,1,5,0.01,1,5,5
665,1,5,0.01,2,2,2
666,1,5,0.01,1,5,5
667,1,5,0.01,2,2,2
668,1,5,0.01,2,2,2
669,1,5,0.01,1,5,5
670,1,5,0.01,1,5,5
671,1,5,0.01,1,5,5
672,1,5,0.01,1,1,5
673,1,5,0.01,1,1,5
674,1,5,0.01,1,5,5
675,1,5,0.01,1,5,1
676,1,5,0.01,1,5,5
677,1,5,0.01,2,2,2
678,1,5,0.01,1,5,5
679,1,5,0.01,1,5,1
680,1,5,0.01,2,2,2
681,1,5,0.01,1,5,5
682,1,5,0.01,1,5,5
683,1,5,0.01,1,5,5
684,1,5,0.01,2,2,2
685,1,5,0.01,1,5,5
686,1,5,0.01,1,1,1
687,1,5,0.01,1,5,5
688,1,5,0.01,2,2,2
689,1,5,0.01,2,2,2
690,1,5,0.01,1,5,5
691,1,5,0.01,2,2,2
692,1,5,0.01,1,1,5
693,1,5,0.01,1,5,5
694,1,5,0.01,1,5,5
695,1,5,0.01,1,5,5
696,1,5,0.01,1,2,5
697,1,5,0.01,1,1,5
698,1,5,0.01,1,1,1
699,1,5,0.01,2,2,2
700,1,5,0.01,1,5,1
701,1,5,0.01,1,5,5
702,1,5,0.01,1,1,1
703,1,5,0.01,2,2,2
704,1,5,0.01,5,9,10
705,1,5,0.01,2,2,2
706,1,5,0.01,1,5,1
707,1,5,0.01,1,5,1
708,1,5,0.01,1,5,5
709,1,5,0.01,4,2,2
710,1,5,0.01,1,5,5
711,1,5,0.01,2,6,6
712,1,5,0.01,1,5,5
713,1,5,0.01,2,2,2
714,1,5,0.01,2,2,2
715,1,5,0.01,2,2,2
716,1,5,0.01,1,5,5
717,1,5,0.01,1,5,5
718,1,5,0.01,1,5,5
719,1,5,0.01,1,5,5
720,1,5,0.01,1,5,5
721,1,5,0.01,1,5,5
722,1,5,0.01,1,5,5
723,1,5,0.01,1,5,5
724,1,5,0.01,1,5,5
725,1,5,0.01,1,5,5
726,1,5,0.01,2,2,2
727,1,5,0.01,1,1,1
728,1,5,0.01,1,5,1
729,1,5,0.01,1,5,5
730,1,5,0.01,1,5,5
731,1,5,0.01,1,5,5
732,1,5,0.01,1,5,5
733,1,5,0.01,1,5,5
734,1,5,0.01,2,7,7
735,1,5,0.01,2,2,2
736,1,5,0.01,1,5,5
737,1,5,0.01,2,2,2
738,1,5,0.01,2,2,2
739,1,5,0.01,2,2,2
740,1,5,0.01,2,2,2
741,1,5,0.01,2,4,4
742,1,5,0.01,1,5,5
743,1,5,0.01,2,2,2
744,1,5,0.01,2,2,2
745,1,5,0.01,1,5,1
746,1,5,0.01,1,5,5
747,1,5,0.01,1,5,5
748,1,5,0.01,4,2,2
749,1,5,0.01,1,5,5
750,1,5,0.01,1,5,1
751,1,5,0.01,1,5,5
752,1,5,0.01,1,5,5
753,1,5,0.01,2,2,2
754,1,5,0.01,1,5,1
755,1,5,0.01,1,5,5
756,1,5,0.01,1,5,5
757,1,5,0.01,1,1,5
758,1,5,0.01,1,5,1
759,1,5,0.01,1,5,1
760,1,5,0.01,2,2,2
761,1,5,0.01,1,5,5
762,1,5,0.01,1,1,5
763,1,5,0.01,1,5,1
764,1,5,0.01,1,5,5
765,1,5,0.01,1,1,1
766,1,5,0.01,1,5,5
767,1,5,0.01,1,5,1
768,1,5,0.01,1,5,5
769,1,5,0.01,1,5,5
770,1,5,0.01,1,5,5
771,1,5,0.01,2,2,2
772,1,5,0.01,1,5,5
773,1,5,0.01,1,5,1
774,1,5,0.01,1,5,5
775,1,5,0.01,2,2,2
776,1,5,0.01,2,6,6
777,1,5,0.01,1,5,1
778,1,5,0.01,1,1,5
779,1,5,0.01,1,2,2
780,1,5,0.01,1,5,1
781,1,5,0.01,1,1,5
782,1,5,0.01,2,2,2
783,1,5,0.01,4,4,4
784,1,5,0.01,1,1,1
785,1,5,0.01,1,5,5
786,1,5,0.01,1,5,1
787,1,5,0.01,1,5,1
788,1,5,0.01,1,5,1
789,1,5,0.01,1,5,1
790,1,5,0.01,2,2,2
791,1,5,0.01,1,1,5
792,1,5,0.01,1,5,5
793,1,5,0.01,1,5,1
794,1,5,0.01,1,5,1
795,1,5,0.01,2,2,2
796,1,5,0.01,2,2,2
797,1,5,0.01,2,2,2
798,1,5,0.01,2,2,2
799,1,5,0.01,1,5,1
800,1,5,0.01,1,1,5
801,1,5,0.01,1,1,1
802,1,5,0.01,2,2,2
803,1,5,0.01,1,5,1
804,1,5,0.01,1,5,5
805,1,5,0.01,1,5,5
806,1,5,0.01,1,5,5
807,1,5,0.01,4,7,7
808,1,5,0.01,4,4,4
809,1,5,0.01,1,1,1
810,1,5,0.01,1,5,5
811,1,5,0.01,1,5,1
812,1,5,0.01,1,5,5
813,1,5,0.01,4,4,4
814,1,5,0.01,2,3,3
815,1,5,0.01,1,5,1
816,1,5,0.01,2,2,2
817,1,5,0.01,2,2,2
818,1,5,0.01,1,5,5
819,1,5,0.01,2,2,2
820,1,5,0.01,1,5,1
821,1,5,0.01,1,5,5
822,1,5,0.01,1,5,1
823,1,5,0.01,4,7,7
824,1,5,0.01,1,5,1
825,1,5,0.01,2,2,2
826,1,5,0.01,1,5,5
827,1,5,0.01,1,1,1
828,1,5,0.01,1,5,5
829,1,5,0.01,1,5,1
830,1,5,0.01,1,5,1
831,1,5,0.01,1,5,1
832,1,5,0.01,1,5,5
833,1,5,0.01,1,5,1
834,1,5,0.01,2,4,4
835,1,5,0.01,1,1,5
836,1,5,0.01,1,5,1
837,1,5,0.01,4,4,4
838,1,5,0.01,1,5,1
839,1,5,0.01,1,5,1
840,1,5,0.01,5,9,10
841,1,5,0.01,1,1,5
842,1,5,0.01,2,2,2
843,1,5,0.01,1,5,1
844,1,5,0.01,1,1,1
845,1,5,0.01,2,2,2
846,1,5,0.01,1,5,5
847,1,5,0.01,4,7,7
848,1,5,0.01,1,5,1
849,1,5,0.01,1,5,5
850,1,5,0.01,1,5,1
851,1,5,0.01,1,1,1
852,1,5,0.01,1,5,1
853,1,5,0.01,2,2,2
854,1,5,0.01,1,5,1
855,1,5,0.01,1,5,5
856,1,5,0.01,4,4,4
857,1,5,0.01,2,6,6
858,1,5,0.01,2,2,2
859,1,5,0.01,1,5,1
860,1,5,0.01,5,9,10
861,1,5,0.01,1,5,5
862,1,5,0.01,5,0,0
863,1,5,0.01,1,1,1
864,1,5,0.01,1,5,5
865,1,5,0.01,1,5,5
866,1,5,0.01,1,5,1
867,1,5,0.01,1,5,5
868,1,5,0.01,1,5,5
869,1,5,0.01,2,2,2
870,1,5,0.01,1,5,5
871,1,5,0.01,1,5,1
872,1,5,0.01,1,5,1
873,1,5,0.01,1,5,5
874,1,5,0.01,1,5,5
875,1,5,0.01,2,2,2
876,1,5,0.01,1,5,5
877,1,5,0.01,1,5,1
878,1,5,0.01,4,4,4
879,1,5,0.01,2,2,2
880,1,5,0.01,1,5,5
881,1,5,0.01,4,4,4
882,1,5,0.01,1,5,1
883,1,5,0.01,1,5,1
884,1,5,0.01,2,2,2
885,1,5,0.01,1,5,1
886,1,5,0.01,5,9,10
887,1,5,0.01,1,1,1
888,1,5,0.01,1,5,1
889,1,5,0.01,2,2,2
890,1,5,0.01,1,5,5
891,1,5,0.01,1,5,1
892,1,5,0.01,2,2,2
893,1,5,0.01,1,5,1
894,1,5,0.01,1,5,1
895,1,5,0.01,2,2,2
896,1,5,0.01,5,9,10
897,1,5,0.01,4,4,4
898,1,5,0.01,1,5,5
899,1,5,0.01,2,2,2
900,1,5,0.01,1,1,5
901,1,5,0.01,2,2,2
902,1,5,0.01,1,5,1
903,1,5,0.01,1,5,1
904,1,5,0.01,1,5,1
905,1,5,0.01,2,6,6
906,1,5,0.01,1,5,5
907,1,5,0.01,4,7,7
908,1,5,0.01,1,1,1
909,1,5,0.01,4,4,4
910,1,5,0.01,1,4,4
911,1,5,0.01,1,5,5
912,1,5,0.01,1,5,5
913,1,5,0.01,1,5,1
914,1,5,0.01,1,5,1
915,1,5,0.01,4,7,7
916,1,5,0.01,1,5,1
917,1,5,0.01,4,4,4
918,1,5,0.01,2,2,2
919,1,5,0.01,1,5,1
920,1,5,0.01,1,1,5
921,1,5,0.01,1,5,1
922,1,5,0.01,1,5,5
923,1,5,0.01,1,5,1
924,1,5,0.01,1,5,1
925,1,5,0.01,2,2,2
926,1,5,0.01,4,7,7
927,1,5,0.01,4,4,4
928,1,5,0.01,1,5,5
929,1,5,0.01,1,5,5
930,1,5,0.01,1,5,5
931,1,5,0.01,1,5,5
932,1,5,0.01,1,5,5
933,1,5,0.01,1,5,1
934,1,5,0.01,1,5,1
935,1,5,0.01,1,1,1
936,1,5,0.01,1,5,5
937,1,5,0.01,1,5,5
938,1,5,0.01,1,5,5
939,1,5,0.01,1,5,5
940,1,5,0.01,1,5,1
941,1,5,0.01,4,4,4
942,1,5,0.01,1,5,1
943,1,5,0.01,4,7,7
944,1,5,0.01,2,4,4
945,1,5,0.01,2,2,2
946,1,5,0.01,1,5,1
947,1,5,0.01,1,5,1
948,2,4,0.01,1,1,1
949,2,4,0.01,1,1,1
950,2,4,0.01,4,7,7
951,2,4,0.01,1,1,1
952,2,4,0.01,1,1,1
953,2,4,0.01,1,2,1
954,2,4,0.01,1,1,1
955,2,4,0.01,1,1,1
956,2,4,0.01,2,2,2
957,2,4,0.01,1,1,1
958,2,4,0.01,1,1,1
959,2,4,0.01,2,2,2
960,2,4,0.01,2,2,2
961,2,4,0.01,1,2,1
962,2,4,0.01,1,1,1
963,2,4,0.01,2,2,2
964,2,4,0.01,1,2,1
965,2,4,0.01,2,2,2
966,2,4,0.01,1,1,1
967,2,4,0.01,1,1,1
968,2,4,0.01,1,2,1
969,2,4,0.01,1,1,1
970,2,4,0.01,2,2,2
971,2,4,0.01,2,4,4
972,2,4,0.01,1,2,1
973,2,4,0.01,1,2,1
974,2,4,0.01,2,2,2
975,2,4,0.01,1,1,1
976,2,4,0.01,2,2,2
977,2,4,0.01,1,2,1
978,2,4,0.01,1,2,1
979,2,4,0.01,2,2,2
980,2,4,0.01,1,2,1
981,2,4,0.01,2,2,2
982,2,4,0.01,1,2,1
983,2,4,0.01,2,2,2
984,2,4,0.01,2,2,2
985,2,4,0.01,1,1,1
986,2,4,0.01,1,2,1
987,2,4,0.01,1,1,1
988,2,4,0.01,1,1,1
989,2,4,0.01,1,1,1
990,2,4,0.01,1,1,1
991,2,4,0.01,1,1,1
992,2,4,0.01,1,1,1
993,2,4,0.01,2,2,2
994,2,4,0.01,1,1,1
995,2,4,0.01,1,1,1
996,2,4,0.01,2,2,2
997,2,4,0.01,1,1,1
998,2,4,0.01,1,1,1
999,2,4,0.01,1,1,1
1000,2,4,0.01,2,2,2
1001,2,4,0.01,1,2,1
1002,2,4,0.01,1,1,1
1003,2,4,0.01,1,2,1
1004,2,4,0.01,2,2,2
1005,2,4,0.01,2,2,2
1006,2,4,0.01,1,1,1
1007,2,4,0.01,2,2,2
1008,2,4,0.01,1,1,1
1009,2,4,0.01,1,1,1
1010,2,4,0.01,1,1,1
1011,2,4,0.01,1,2,1
1012,2,4,0.01,1,2,2
1013,2,4,0.01,1,2,1
1014,2,4,0.01,1,1,1
1015,2,4,0.01,2,2,2
1016,2,4,0.01,1,1,1
1017,2,4,0.01,1,2,1
1018,2,4,0.01,1,1,1
1019,2,4,0.01,2,2,2
1020,2,4,0.01,5,5,5
1021,2,4,0.01,2,2,2
1022,2,4,0.01,1,1,1
1023,2,4,0.01,1,1,1
1024,2,4,0.01,1,2,1
1025,2,4,0.01,4,2,2
1026,2,4,0.01,1,2,1
1027,2,4,0.01,2,6,6
1028,2,4,0.01,1,1,1
1029,2,4,0.01,2,2,2
1030,2,4,0.01,2,2,2
1031,2,4,0.01,2,2,2
1032,2,4,0.01,1,2,1
1033,2,4,0.01,1,1,1
1034,2,4,0.01,1,1,1
1035,2,4,0.01,1,1,1
1036,2,4,0.01,1,1,1
1037,2,4,0.01,1,1,1
1038,2,4,0.01,1,2,1
1039,2,4,0.01,1,1,1
1040,2,4,0.01,1,1,1
1041,2,4,0.01,1,1,1
1042,2,4,0.01,2,2,2
1043,2,4,0.01,1,1,1
1044,2,4,0.01,1,1,1
1045,2,4,0.01,1,2,1
1046,2,4,0.01,1,1,1
1047,2,4,0.01,1,1,1
1048,2,4,0.01,1,1,1
1049,2,4,0.01,1,2,1
1050,2,4,0.01,2,7,7
1051,2,4,0.01,2,2,2
1052,2,4,0.01,1,2,1
1053,2,4,0.01,2,2,2
1054,2,4,0.01,2,2,2
1055,2,4,0.01,2,2,2
1056,2,4,0.01,2,2,2
1057,2,4,0.01,2,4,4
1058,2,4,0.01,1,2,1
1059,2,4,0.01,2,2,2
1060,2,4,0.01,2,2,2
1061,2,4,0.01,1,1,1
1062,2,4,0.01,1,2,1
1063,2,4,0.01,1,2,1
1064,2,4,0.01,4,2,2
1065,2,4,0.01,1,2,1
1066,2,4,0.01,1,1,1
1067,2,4,0.01,1,2,1
1068,2,4,0.01,1,1,1
1069,2,4,0.01,2,2,2
1070,2,4,0.01,1,1,1
1071,2,4,0.01,1,2,1
1072,2,4,0.01,1,1,1
1073,2,4,0.01,1,2,1
1074,2,4,0.01,1,2,1
1075,2,4,0.01,1,2,1
1076,2,4,0.01,2,2,2
1077,2,4,0.01,1,2,1
1078,2,4,0.01,1,1,1
1079,2,4,0.01,1,2,1
1080,2,4,0.01,1,1,1
1081,2,4,0.01,1,2,6
1082,2,4,0.01,1,1,1
1083,2,4,0.01,1,1,1
1084,2,4,0.01,1,2,1
1085,2,4,0.01,1,2,1
1086,2,4,0.01,1,1,1
1087,2,4,0.01,2,2,2
1088,2,4,0.01,1,1,1
1089,2,4,0.01,1,2,1
1090,2,4,0.01,1,1,1
1091,2,4,0.01,2,2,2
1092,2,4,0.01,2,6,6
1093,2,4,0.01,1,2,1
1094,2,4,0.01,1,1,1
1095,2,4,0.01,1,2,2
1096,2,4,0.01,1,1,1
1097,2,4,0.01,1,2,1
1098,2,4,0.01,2,2,2
1099,2,4,0.01,4,4,4
1100,2,4,0.01,1,1,1
1101,2,4,0.01,1,2,1
1102,2,4,0.01,1,1,1
1103,2,4,0.01,1,1,1
1104,2,4,0.01,1,2,1
1105,2,4,0.01,1,1,1
1106,2,4,0.01,2,2,2
1107,2,4,0.01,1,1,1
1108,2,4,0.01,1,2,1
1109,2,4,0.01,1,2,1
1110,2,4,0.01,1,1,1
1111,2,4,0.01,2,2,2
1112,2,4,0.01,2,2,2
1113,2,4,0.01,2,2,2
1114,2,4,0.01,2,2,2
1115,2,4,0.01,1,1,1
1116,2,4,0.01,1,2,2
1117,2,4,0.01,1,1,1
1118,2,4,0.01,2,2,2
1119,2,4,0.01,1,1,1
1120,2,4,0.01,1,1,1
1121,2,4,0.01,1,1,1
1122,2,4,0.01,1,2,1
1123,2,4,0.01,4,7,7
1124,2,4,0.01,4,4,4
1125,2,4,0.01,1,1,1
1126,2,4,0.01,1,1,1
1127,2,4,0.01,1,1,1
1128,2,4,0.01,1,1,1
1129,2,4,0.01,4,4,4
1130,2,4,0.01,2,3,2
1131,2,4,0.01,1,2,1
1132,2,4,0.01,2,2,2
1133,2,4,0.01,2,2,2
1134,2,4,0.01,1,1,1
1135,2,4,0.01,2,2,2
1136,2,4,0.01,1,1,1
1137,2,4,0.01,1,2,1
1138,2,4,0.01,1,1,1
1139,2,4,0.01,4,7,7
1140,2,4,0.01,1,1,1
1141,2,4,0.01,2,2,2
1142,2,4,0.01,1,2,1
1143,2,4,0.01,1,1,1
1144,2,4,0.01,1,2,1
1145,2,4,0.01,1,2,1
1146,2,4,0.01,1,2,1
1147,2,4,0.01,1,2,1
1148,2,4,0.01,1,2,1
1149,2,4,0.01,1,2,1
1150,2,4,0.01,2,2,4
1151,2,4,0.01,1,2,1
1152,2,4,0.01,1,2,1
1153,2,4,0.01,4,4,4
1154,2,4,0.01,1,2,1
1155,2,4,0.01,1,1,1
1156,2,4,0.01,5,5,5
1157,2,4,0.01,1,2,1
1158,2,4,0.01,2,2,2
1159,2,4,0.01,1,2,1
1160,2,4,0.01,1,2,6
1161,2,4,0.01,2,2,2
1162,2,4,0.01,1,1,1
1163,2,4,0.01,4,7,7
1164,2,4,0.01,1,2,1
1165,2,4,0.01,1,1,1
1166,2,4,0.01,1,2,1
1167,2,4,0.01,1,1,1
1168,2,4,0.01,1,1,1
1169,2,4,0.01,2,2,2
1170,2,4,0.01,1,2,1
1171,2,4,0.01,1,1,1
1172,2,4,0.01,4,4,4
1173,2,4,0.01,2,6,6
1174,2,4,0.01,2,2,2
1175,2,4,0.01,1,2,1
1176,2,4,0.01,5,5,5
1177,2,4,0.01,1,2,2
1178,2,4,0.01,5,0,0
1179,2,4,0.01,1,2,1
1180,2,4,0.01,1,2,1
1181,2,4,0.01,1,2,1
1182,2,4,0.01,1,1,1
1183,2,4,0.01,1,1,1
1184,2,4,0.01,1,1,1
1185,2,4,0.01,2,2,2
1186,2,4,0.01,1,1,1
1187,2,4,0.01,1,1,1
1188,2,4,0.01,1,2,1
1189,2,4,0.01,1,2,1
1190,2,4,0.01,1,1,1
1191,2,4,0.01,2,2,2
1192,2,4,0.01,1,2,1
1193,2,4,0.01,1,1,1
1194,2,4,0.01,4,4,4
1195,2,4,0.01,2,2,2
1196,2,4,0.01,1,1,1
1197,2,4,0.01,4,4,4
1198,2,4,0.01,1,1,1
1199,2,4,0.01,1,1,1
1200,2,4,0.01,2,2,2
1201,2,4,0.01,1,2,1
1202,2,4,0.01,5,5,5
1203,2,4,0.01,1,2,1
1204,2,4,0.01,1,1,1
1205,2,4,0.01,2,2,2
1206,2,4,0.01,1,1,1
1207,2,4,0.01,1,1,1
1208,2,4,0.01,2,2,2
1209,2,4,0.01,1,1,1
1210,2,4,0.01,1,1,1
1211,2,4,0.01,2,2,2
1212,2,4,0.01,5,5,5
1213,2,4,0.01,4,4,4
1214,2,4,0.01,1,1,1
1215,2,4,0.01,2,2,2
1216,2,4,0.01,1,1,1
1217,2,4,0.01,2,2,2
1218,2,4,0.01,1,1,1
1219,2,4,0.01,1,1,1
1220,2,4,0.01,1,1,1
1221,2,4,0.01,2,6,6
1222,2,4,0.01,1,2,1
1223,2,4,0.01,4,7,7
1224,2,4,0.01,1,1,1
1225,2,4,0.01,4,4,4
1226,2,4,0.01,1,4,4
1227,2,4,0.01,1,1,1
1228,2,4,0.01,1,2,1
1229,2,4,0.01,1,2,1
1230,2,4,0.01,1,1,1
1231,2,4,0.01,4,7,7
1232,2,4,0.01,1,1,1
1233,2,4,0.01,4,4,4
1234,2,4,0.01,2,2,2
1235,2,4,0.01,1,2,1
1236,2,4,0.01,1,2,1
1237,2,4,0.01,1,1,1
1238,2,4,0.01,1,2,1
1239,2,4,0.01,1,1,1
1240,2,4,0.01,1,2,1
1241,2,4,0.01,2,2,2
1242,2,4,0.01,4,7,7
1243,2,4,0.01,4,4,4
1244,2,4,0.01,1,1,1
1245,2,4,0.01,1,2,1
1246,2,4,0.01,1,1,1
1247,2,4,0.01,1,2,1
1248,2,4,0.01,1,2,1
1249,2,4,0.01,1,1,1
1250,2,4,0.01,1,2,1
1251,2,4,0.01,1,2,1
1252,2,4,0.01,1,2,1
1253,2,4,0.01,1,1,1
1254,2,4,0.01,1,2,1
1255,2,4,0.01,1,1,1
1256,2,4,0.01,1,1,1
1257,2,4,0.01,4,4,4
1258,2,4,0.01,1,2,1
1259,2,4,0.01,4,7,7
1260,2,4,0.01,2,4,4
1261,2,4,0.01,2,2,2
1262,2,4,0.01,1,2,1
1263,2,4,0.01,1,1,1
1264,2,5,0.01,1,1,1
1265,2,5,0.01,1,1,1
1266,2,5,0.01,4,7,7
1267,2,5,0.01,1,1,1
1268,2,5,0.01,1,1,1
1269,2,5,0.01,1,1,1
1270,2,5,0.01,1,1,1
1271,2,5,0.01,1,1,1
1272,2,5,0.01,2,2,2
1273,2,5,0.01,1,1,1
1274,2,5,0.01,1,1,1
1275,2,5,0.01,2,2,2
1276,2,5,0.01,2,2,2
1277,2,5,0.01,1,1,1
1278,2,5,0.01,1,1,1
1279,2,5,0.01,2,2,2
1280,2,5,0.01,1,1,1
1281,2,5,0.01,2,2,2
1282,2,5,0.01,1,1,1
1283,2,5,0.01,1,1,1
1284,2,5,0.01,1,1,1
1285,2,5,0.01,1,1,1
1286,2,5,0.01,2,2,2
1287,2,5,0.01,2,4,4
1288,2,5,0.01,1,1,1
1289,2,5,0.01,1,1,1
1290,2,5,0.01,2,2,2
1291,2,5,0.01,1,1,1
1292,2,5,0.01,2,2,2
1293,2,5,0.01,1,1,1
1294,2,5,0.01,1,1,1
1295,2,5,0.01,2,2,2
1296,2,5,0.01,1,1,1
1297,2,5,0.01,2,2,2
1298,2,5,0.01,1,2,1
1299,2,5,0.01,2,2,2
1300,2,5,0.01,2,2,2
1301,2,5,0.01,1,1,1
1302,2,5,0.01,1,1,1
1303,2,5,0.01,1,1,1
1304,2,5,0.01,1,1,1
1305,2,5,0.01,1,1,1
1306,2,5,0.01,1,1,1
1307,2,5,0.01,1,1,1
1308,2,5,0.01,1,1,1
1309,2,5,0.01,2,2,2
1310,2,5,0.01,1,1,1
1311,2,5,0.01,1,1,1
1312,2,5,0.01,2,2,2
1313,2,5,0.01,1,1,1
1314,2,5,0.01,1,1,1
1315,2,5,0.01,1,1,1
1316,2,5,0.01,2,2,2
1317,2,5,0.01,1,1,1
1318,2,5,0.01,1,1,1
1319,2,5,0.01,1,1,1
1320,2,5,0.01,2,2,2
1321,2,5,0.01,2,2,2
1322,2,5,0.01,1,1,1
1323,2,5,0.01,2,2,2
1324,2,5,0.01,1,1,1
1325,2,5,0.01,1,1,1
1326,2,5,0.01,1,1,1
1327,2,5,0.01,1,1,1
1328,2,5,0.01,1,2,2
1329,2,5,0.01,1,1,1
1330,2,5,0.01,1,1,1
1331,2,5,0.01,2,2,2
1332,2,5,0.01,1,1,1
1333,2,5,0.01,1,1,1
1334,2,5,0.01,1,1,1
1335,2,5,0.01,2,2,2
1336,2,5,0.01,5,10,5
1337,2,5,0.01,2,2,2
1338,2,5,0.01,1,1,1
1339,2,5,0.01,1,1,1
1340,2,5,0.01,1,1,1
1341,2,5,0.01,4,2,2
1342,2,5,0.01,1,1,1
1343,2,5,0.01,2,6,6
1344,2,5,0.01,1,1,1
1345,2,5,0.01,2,2,2
1346,2,5,0.01,2,2,2
1347,2,5,0.01,2,2,2
1348,2,5,0.01,1,1,1
1349,2,5,0.01,1,1,1
1350,2,5,0.01,1,1,1
1351,2,5,0.01,1,1,1
1352,2,5,0.01,1,1,1
1353,2,5,0.01,1,1,1
1354,2,5,0.01,1,1,1
1355,2,5,0.01,1,1,1
1356,2,5,0.01,1,1,1
1357,2,5,0.01,1,1,1
1358,2,5,0.01,2,2,2
1359,2,5,0.01,1,1,1
1360,2,5,0.01,1,1,1
1361,2,5,0.01,1,1,1
1362,2,5,0.01,1,1,1
1363,2,5,0.01,1,1,1
1364,2,5,0.01,1,1,1
1365,2,5,0.01,1,1,1
1366,2,5,0.01,2,7,7
1367,2,5,0.01,2,2,2
1368,2,5,0.01,1,1,1
1369,2,5,0.01,2,2,2
1370,2,5,0.01,2,2,2
1371,2,5,0.01,2,2,2
1372,2,5,0.01,2,2,2
1373,2,5,0.01,2,4,4
1374,2,5,0.01,1,1,1
1375,2,5,0.01,2,2,2
1376,2,5,0.01,2,2,2
1377,2,5,0.01,1,1,1
1378,2,5,0.01,1,1,1
1379,2,5,0.01,1,2,1
1380,2,5,0.01,4,2,2
1381,2,5,0.01,1,1,1
1382,2,5,0.01,1,1,1
1383,2,5,0.01,1,1,1
1384,2,5,0.01,1,1,1
1385,2,5,0.01,2,2,2
1386,2,5,0.01,1,1,1
1387,2,5,0.01,1,2,1
1388,2,5,0.01,1,1,1
1389,2,5,0.01,1,1,1
1390,2,5,0.01,1,1,1
1391,2,5,0.01,1,1,1
1392,2,5,0.01,2,2,2
1393,2,5,0.01,1,2,1
1394,2,5,0.01,1,1,1
1395,2,5,0.01,1,1,1
1396,2,5,0.01,1,1,1
1397,2,5,0.01,1,6,6
1398,2,5,0.01,1,1,1
1399,2,5,0.01,1,1,1
1400,2,5,0.01,1,1,1
1401,2,5,0.01,1,1,1
1402,2,5,0.01,1,1,1
1403,2,5,0.01,2,2,2
1404,2,5,0.01,1,1,1
1405,2,5,0.01,1,1,1
1406,2,5,0.01,1,1,1
1407,2,5,0.01,2,2,2
1408,2,5,0.01,2,6,6
1409,2,5,0.01,1,1,1
1410,2,5,0.01,1,1,1
1411,2,5,0.01,1,2,2
1412,2,5,0.01,1,1,1
1413,2,5,0.01,1,1,1
1414,2,5,0.01,2,2,2
1415,2,5,0.01,4,4,4
1416,2,5,0.01,1,1,1
1417,2,5,0.01,1,1,1
1418,2,5,0.01,1,1,1
1419,2,5,0.01,1,1,1
1420,2,5,0.01,1,1,1
1421,2,5,0.01,1,1,1
1422,2,5,0.01,2,2,2
1423,2,5,0.01,1,1,1
1424,2,5,0.01,1,2,1
1425,2,5,0.01,1,2,1
1426,2,5,0.01,1,1,1
1427,2,5,0.01,2,2,2
1428,2,5,0.01,2,2,2
1429,2,5,0.01,2,2,2
1430,2,5,0.01,2,2,2
1431,2,5,0.01,1,1,1
1432,2,5,0.01,1,1,2
1433,2,5,0.01,1,1,1
1434,2,5,0.01,2,2,2
1435,2,5,0.01,1,1,1
1436,2,5,0.01,1,1,1
1437,2,5,0.01,1,1,1
1438,2,5,0.01,1,1,1
1439,2,5,0.01,4,7,7
1440,2,5,0.01,4,4,4
1441,2,5,0.01,1,1,1
1442,2,5,0.01,1,1,1
1443,2,5,0.01,1,1,1
1444,2,5,0.01,1,1,1
1445,2,5,0.01,4,4,4
1446,2,5,0.01,2,2,2
1447,2,5,0.01,1,2,1
1448,2,5,0.01,2,2,2
1449,2,5,0.01,2,2,2
1450,2,5,0.01,1,1,1
1451,2,5,0.01,2,2,2
1452,2,5,0.01,1,1,1
1453,2,5,0.01,1,1,1
1454,2,5,0.01,1,1,1
1455,2,5,0.01,4,7,7
1456,2,5,0.01,1,1,1
1457,2,5,0.01,2,2,2
1458,2,5,0.01,1,1,1
1459,2,5,0.01,1,1,1
1460,2,5,0.01,1,2,1
1461,2,5,0.01,1,1,1
1462,2,5,0.01,1,1,1
1463,2,5,0.01,1,2,1
1464,2,5,0.01,1,1,1
1465,2,5,0.01,1,2,1
1466,2,5,0.01,2,4,4
1467,2,5,0.01,1,1,1
1468,2,5,0.01,1,1,1
1469,2,5,0.01,4,4,4
1470,2,5,0.01,1,1,1
1471,2,5,0.01,1,1,1
1472,2,5,0.01,5,10,5
1473,2,5,0.01,1,1,1
1474,2,5,0.01,2,2,2
1475,2,5,0.01,1,1,1
1476,2,5,0.01,1,2,6
1477,2,5,0.01,2,2,2
1478,2,5,0.01,1,1,1
1479,2,5,0.01,4,7,7
1480,2,5,0.01,1,1,1
1481,2,5,0.01,1,1,1
1482,2,5,0.01,1,1,1
1483,2,5,0.01,1,1,1
1484,2,5,0.01,1,1,1
1485,2,5,0.01,2,2,2
1486,2,5,0.01,1,1,1
1487,2,5,0.01,1,1,1
1488,2,5,0.01,4,4,4
1489,2,5,0.01,2,6,6
1490,2,5,0.01,2,2,2
1491,2,5,0.01,1,1,1
1492,2,5,0.01,5,10,5
1493,2,5,0.01,1,2,2
1494,2,5,0.01,5,0,0
1495,2,5,0.01,1,1,1
1496,2,5,0.01,1,1,1
1497,2,5,0.01,1,2,1
1498,2,5,0.01,1,1,1
1499,2,5,0.01,1,1,1
1500,2,5,0.01,1,1,1
1501,2,5,0.01,2,2,2
1502,2,5,0.01,1,1,1
1503,2,5,0.01,1,1,1
1504,2,5,0.01,1,1,1
1505,2,5,0.01,1,1,1
1506,2,5,0.01,1,1,1
1507,2,5,0.01,2,2,2
1508,2,5,0.01,1,1,1
1509,2,5,0.01,1,1,1
1510,2,5,0.01,4,4,4
1511,2,5,0.01,2,2,2
1512,2,5,0.01,1,1,1
1513,2,5,0.01,4,4,4
1514,2,5,0.01,1,1,1
1515,2,5,0.01,1,1,1
1516,2,5,0.01,2,2,2
1517,2,5,0.01,1,1,1
1518,2,5,0.01,5,10,5
1519,2,5,0.01,1,1,1
1520,2,5,0.01,1,1,1
1521,2,5,0.01,2,2,2
1522,2,5,0.01,1,1,1
1523,2,5,0.01,1,1,1
1524,2,5,0.01,2,2,2
1525,2,5,0.01,1,1,1
1526,2,5,0.01,1,1,1
1527,2,5,0.01,2,2,2
1528,2,5,0.01,5,10,5
1529,2,5,0.01,4,4,4
1530,2,5,0.01,1,1,1
1531,2,5,0.01,2,2,2
1532,2,5,0.01,1,1,1
1533,2,5,0.01,2,2,2
1534,2,5,0.01,1,1,1
1535,2,5,0.01,1,1,1
1536,2,5,0.01,1,1,1
1537,2,5,0.01,2,6,6
1538,2,5,0.01,1,1,1
1539,2,5,0.01,4,7,7
1540,2,5,0.01,1,1,1
1541,2,5,0.01,4,4,4
1542,2,5,0.01,1,4,4
1543,2,5,0.01,1,1,1
1544,2,5,0.01,1,1,1
1545,2,5,0.01,1,1,1
1546,2,5,0.01,1,1,1
1547,2,5,0.01,4,7,7
1548,2,5,0.01,1,1,1
1549,2,5,0.01,4,4,4
1550,2,5,0.01,2,2,2
1551,2,5,0.01,1,1,1
1552,2,5,0.01,1,1,1
1553,2,5,0.01,1,1,1
1554,2,5,0.01,1,1,1
1555,2,5,0.01,1,1,1
1556,2,5,0.01,1,1,1
1557,2,5,0.01,2,2,2
1558,2,5,0.01,4,7,7
1559,2,5,0.01,4,4,4
1560,2,5,0.01,1,1,1
1561,2,5,0.01,1,1,1
1562,2,5,0.01,1,1,1
1563,2,5,0.01,1,1,1
1564,2,5,0.01,1,1,1
1565,2,5,0.01,1,1,1
1566,2,5,0.01,1,1,1
1567,2,5,0.01,1,1,1
1568,2,5,0.01,1,1,1
1569,2,5,0.01,1,1,1
1570,2,5,0.01,1,1,1
1571,2,5,0.01,1,1,1
1572,2,5,0.01,1,1,1
1573,2,5,0.01,4,4,4
1574,2,5,0.01,1,1,1
1575,2,5,0.01,4,7,7
1576,2,5,0.01,2,4,4
1577,2,5,0.01,2,2,2
1578,2,5,0.01,1,1,1
1579,2,5,0.01,1,1,1
1580,4,5,0.01,1,1,1
1581,4,5,0.01,1,1,1
1582,4,5,0.01,4,7,7
1583,4,5,0.01,1,1,1
1584,4,5,0.01,1,1,1
1585,4,5,0.01,1,1,1
1586,4,5,0.01,1,1,1
1587,4,5,0.01,1,1,1
1588,4,5,0.01,2,2,2
1589,4,5,0.01,1,1,1
1590,4,5,0.01,1,1,1
1591,4,5,0.01,2,2,2
1592,4,5,0.01,2,2,2
1593,4,5,0.01,1,1,1
1594,4,5,0.01,1,1,1
1595,4,5,0.01,2,2,2
1596,4,5,0.01,1,1,1
1597,4,5,0.01,2,2,2
1598,4,5,0.01,1,1,1
1599,4,5,0.01,1,1,1
1600,4,5,0.01,1,1,1
1601,4,5,0.01,1,1,1
1602,4,5,0.01,2,2,2
1603,4,5,0.01,2,4,4
1604,4,5,0.01,1,1,1
1605,4,5,0.01,1,1,1
1606,4,5,0.01,2,2,2
1607,4,5,0.01,1,1,1
1608,4,5,0.01,2,2,2
1609,4,5,0.01,1,1,1
1610,4,5,0.01,1,1,1
1611,4,5,0.01,2,2,2
1612,4,5,0.01,1,1,1
1613,4,5,0.01,2,2,2
1614,4,5,0.01,1,1,1
1615,4,5,0.01,2,2,2
1616,4,5,0.01,2,2,2
1617,4,5,0.01,1,1,1
1618,4,5,0.01,1,1,1
1619,4,5,0.01,1,1,1
1620,4,5,0.01,1,1,1
1621,4,5,0.01,1,1,1
1622,4,5,0.01,1,1,1
1623,4,5,0.01,1,1,1
1624,4,5,0.01,1,1,1
1625,4,5,0.01,2,2,2
1626,4,5,0.01,1,1,1
1627,4,5,0.01,1,1,1
1628,4,5,0.01,2,2,2
1629,4,5,0.01,1,1,1
1630,4,5,0.01,1,1,1
1631,4,5,0.01,1,1,1
1632,4,5,0.01,2,2,2
1633,4,5,0.01,1,1,1
1634,4,5,0.01,1,1,1
1635,4,5,0.01,1,1,1
1636,4,5,0.01,2,2,2
1637,4,5,0.01,2,2,2
1638,4,5,0.01,1,1,1
1639,4,5,0.01,2,2,2
1640,4,5,0.01,1,1,1
1641,4,5,0.01,1,1,1
1642,4,5,0.01,1,1,1
1643,4,5,0.01,1,1,1
1644,4,5,0.01,1,4,1
1645,4,5,0.01,1,1,1
1646,4,5,0.01,1,1,1
1647,4,5,0.01,2,2,2
1648,4,5,0.01,1,1,1
1649,4,5,0.01,1,1,1
1650,4,5,0.01,1,1,1
1651,4,5,0.01,2,2,2
1652,4,5,0.01,5,5,5
1653,4,5,0.01,2,2,2
1654,4,5,0.01,1,1,1
1655,4,5,0.01,1,1,1
1656,4,5,0.01,1,1,1
1657,4,5,0.01,4,2,2
1658,4,5,0.01,1,1,1
1659,4,5,0.01,2,6,6
1660,4,5,0.01,1,1,1
1661,4,5,0.01,2,2,2
1662,4,5,0.01,2,2,2
1663,4,5,0.01,2,2,2
1664,4,5,0.01,1,1,1
1665,4,5,0.01,1,1,1
1666,4,5,0.01,1,1,1
1667,4,5,0.01,1,1,1
1668,4,5,0.01,1,1,1
1669,4,5,0.01,1,1,1
1670,4,5,0.01,1,1,1
1671,4,5,0.01,1,1,1
1672,4,5,0.01,1,1,1
1673,4,5,0.01,1,1,1
1674,4,5,0.01,2,2,2
1675,4,5,0.01,1,1,1
1676,4,5,0.01,1,1,1
1677,4,5,0.01,1,1,1
1678,4,5,0.01,1,1,1
1679,4,5,0.01,1,1,1
1680,4,5,0.01,1,1,1
1681,4,5,0.01,1,1,1
1682,4,5,0.01,2,7,7
1683,4,5,0.01,2,2,2
1684,4,5,0.01,1,1,1
1685,4,5,0.01,2,2,2
1686,4,5,0.01,2,2,2
1687,4,5,0.01,2,2,2
1688,4,5,0.01,2,2,2
1689,4,5,0.01,2,4,4
1690,4,5,0.01,1,1,1
1691,4,5,0.01,2,2,2
1692,4,5,0.01,2,2,2
1693,4,5,0.01,1,1,1
1694,4,5,0.01,1,1,1
1695,4,5,0.01,1,1,1
1696,4,5,0.01,4,2,2
1697,4,5,0.01,1,1,1
1698,4,5,0.01,1,1,1
1699,4,5,0.01,1,1,1
1700,4,5,0.01,1,1,1
1701,4,5,0.01,2,2,2
1702,4,5,0.01,1,1,1
1703,4,5,0.01,1,1,1
1704,4,5,0.01,1,1,1
1705,4,5,0.01,1,1,1
1706,4,5,0.01,1,1,1
1707,4,5,0.01,1,1,1
1708,4,5,0.01,2,2,2
1709,4,5,0.01,1,1,1
1710,4,5,0.01,1,1,1
1711,4,5,0.01,1,1,1
1712,4,5,0.01,1,1,1
1713,4,5,0.01,1,6,6
1714,4,5,0.01,1,1,1
1715,4,5,0.01,1,1,1
1716,4,5,0.01,1,1,1
1717,4,5,0.01,1,1,1
1718,4,5,0.01,1,1,1
1719,4,5,0.01,2,2,2
1720,4,5,0.01,1,1,1
1721,4,5,0.01,1,1,1
1722,4,5,0.01,1,1,1
1723,4,5,0.01,2,2,2
1724,4,5,0.01,2,6,6
1725,4,5,0.01,1,1,1
1726,4,5,0.01,1,1,1
1727,4,5,0.01,1,2,2
1728,4,5,0.01,1,1,1
1729,4,5,0.01,1,1,1
1730,4,5,0.01,2,2,2
1731,4,5,0.01,4,4,4
1732,4,5,0.01,1,1,1
1733,4,5,0.01,1,1,1
1734,4,5,0.01,1,1,1
1735,4,5,0.01,1,1,1
1736,4,5,0.01,1,1,1
1737,4,5,0.01,1,1,1
1738,4,5,0.01,2,2,2
1739,4,5,0.01,1,1,1
1740,4,5,0.01,1,4,1
1741,4,5,0.01,1,1,1
1742,4,5,0.01,1,1,1
1743,4,5,0.01,2,2,2
1744,4,5,0.01,2,2,2
1745,4,5,0.01,2,2,2
1746,4,5,0.01,2,2,2
1747,4,5,0.01,1,1,1
1748,4,5,0.01,1,1,1
1749,4,5,0.01,1,1,1
1750,4,5,0.01,2,2,2
1751,4,5,0.01,1,1,1
1752,4,5,0.01,1,1,1
1753,4,5,0.01,1,1,1
1754,4,5,0.01,1,1,1
1755,4,5,0.01,4,7,7
1756,4,5,0.01,4,4,4
1757,4,5,0.01,1,1,1
1758,4,5,0.01,1,1,1
1759,4,5,0.01,1,1,1
1760,4,5,0.01,1,1,1
1761,4,5,0.01,4,4,4
1762,4,5,0.01,2,3,3
1763,4,5,0.01,1,1,1
1764,4,5,0.01,2,2,2
1765,4,5,0.01,2,2,2
1766,4,5,0.01,1,1,1
1767,4,5,0.01,2,2,2
1768,4,5,0.01,1,1,1
1769,4,5,0.01,1,1,1
1770,4,5,0.01,1,1,1
1771,4,5,0.01,4,7,7
1772,4,5,0.01,1,1,1
1773,4,5,0.01,2,2,2
1774,4,5,0.01,1,1,1
1775,4,5,0.01,1,1,1
1776,4,5,0.01,1,1,1
1777,4,5,0.01,1,1,1
1778,4,5,0.01,1,1,1
1779,4,5,0.01,1,1,1
1780,4,5,0.01,1,1,1
1781,4,5,0.01,1,1,1
1782,4,5,0.01,2,4,4
1783,4,5,0.01,1,1,1
1784,4,5,0.01,1,1,1
1785,4,5,0.01,4,4,4
1786,4,5,0.01,1,1,1
1787,4,5,0.01,1,1,1
1788,4,5,0.01,5,5,5
1789,4,5,0.01,1,1,1
1790,4,5,0.01,2,2,2
1791,4,5,0.01,1,1,1
1792,4,5,0.01,1,6,6
1793,4,5,0.01,2,2,2
1794,4,5,0.01,1,1,1
1795,4,5,0.01,4,7,7
1796,4,5,0.01,1,1,1
1797,4,5,0.01,1,1,1
1798,4,5,0.01,1,1,1
1799,4,5,0.01,1,1,1
1800,4,5,0.01,1,1,1
1801,4,5,0.01,2,2,2
1802,4,5,0.01,1,1,1
1803,4,5,0.01,1,1,1
1804,4,5,0.01,4,4,4
1805,4,5,0.01,2,6,6
1806,4,5,0.01,2,2,2
1807,4,5,0.01,1,1,1
1808,4,5,0.01,5,5,5
1809,4,5,0.01,1,1,1
1810,4,5,0.01,5,0,0
1811,4,5,0.01,1,1,1
1812,4,5,0.01,1,1,1
1813,4,5,0.01,1,1,1
1814,4,5,0.01,1,1,1
1815,4,5,0.01,1,1,1
1816,4,5,0.01,1,1,1
1817,4,5,0.01,2,2,2
1818,4,5,0.01,1,1,1
1819,4,5,0.01,1,1,1
1820,4,5,0.01,1,1,1
1821,4,5,0.01,1,1,1
1822,4,5,0.01,1,1,1
1823,4,5,0.01,2,2,2
1824,4,5,0.01,1,1,1
1825,4,5,0.01,1,1,1
1826,4,5,0.01,4,4,4
1827,4,5,0.01,2,2,2
1828,4,5,0.01,1,1,1
1829,4,5,0.01,4,4,4
1830,4,5,0.01,1,1,1
1831,4,5,0.01,1,1,1
1832,4,5,0.01,2,2,2
1833,4,5,0.01,1,1,1
1834,4,5,0.01,5,5,5
1835,4,5,0.01,1,1,1
1836,4,5,0.01,1,1,1
1837,4,5,0.01,2,2,2
1838,4,5,0.01,1,1,1
1839,4,5,0.01,1,1,1
1840,4,5,0.01,2,2,2
1841,4,5,0.01,1,1,1
1842,4,5,0.01,1,1,1
1843,4,5,0.01,2,2,2
1844,4,5,0.01,5,5,5
1845,4,5,0.01,4,4,4
1846,4,5,0.01,1,1,1
1847,4,5,0.01,2,2,2
1848,4,5,0.01,1,1,1
1849,4,5,0.01,2,2,2
1850,4,5,0.01,1,1,1
1851,4,5,0.01,1,1,1
1852,4,5,0.01,1,1,1
1853,4,5,0.01,2,6,6
1854,4,5,0.01,1,1,1
1855,4,5,0.01,4,7,7
1856,4,5,0.01,1,1,1
1857,4,5,0.01,4,4,4
1858,4,5,0.01,1,4,4
1859,4,5,0.01,1,1,1
1860,4,5,0.01,1,1,1
1861,4,5,0.01,1,1,1
1862,4,5,0.01,1,1,1
1863,4,5,0.01,4,7,7
1864,4,5,0.01,1,1,1
1865,4,5,0.01,4,4,4
1866,4,5,0.01,2,2,2
1867,4,5,0.01,1,1,1
1868,4,5,0.01,1,1,1
1869,4,5,0.01,1,1,1
1870,4,5,0.01,1,1,1
1871,4,5,0.01,1,1,1
1872,4,5,0.01,1,1,1
1873,4,5,0.01,2,2,2
1874,4,5,0.01,4,7,7
1875,4,5,0.01,4,4,4
1876,4,5,0.01,1,1,1
1877,4,5,0.01,1,1,1
1878,4,5,0.01,1,1,1
1879,4,5,0.01,1,1,1
1880,4,5,0.01,1,1,1
1881,4,5,0.01,1,1,1
1882,4,5,0.01,1,1,1
1883,4,5,0.01,1,1,1
1884,4,5,0.01,1,1,1
1885,4,5,0.01,1,1,1
1886,4,5,0.01,1,1,1
1887,4,5,0.01,1,1,1
1888,4,5,0.01,1,1,1
1889,4,5,0.01,4,4,4
1890,4,5,0.01,1,1,1
1891,4,5,0.01,4,7,7
1892,4,5,0.01,2,4,4
1893,4,5,0.01,2,2,2
1894,4,5,0.01,1,1,1
1895,4,5,0.01,1,1,1
